{"Number of Games": 10, "Total Steps": 112, "Score": 0, "Steps in Current Game": 12, "_timestamp": 1701335147.7826307, "_runtime": 14.075577735900879, "_step": 111, "_wandb": {"runtime": 12}}