{"Total Steps": 1987, "Score": 0, "Steps by Game": 10, "_timestamp": 1701397947.9993508, "_runtime": 246.5020158290863, "_step": 174, "_wandb": {"runtime": 245}}