{"Total Steps": 165, "Score": 0, "Steps by Game": 6, "_timestamp": 1701335664.5045714, "_runtime": 19.374696493148804, "_step": 17, "_wandb": {"runtime": 18}}