{"Total Steps": 75647, "Score": 0, "Steps by Game": 6, "_timestamp": 1701397267.1047192, "_runtime": 7630.631299257278, "_step": 7152, "_wandb": {"runtime": 7630}}