{"Total Steps": 23522, "Score": 0, "Steps by Game": 7, "_timestamp": 1701400604.1843262, "_runtime": 2607.986006259918, "_step": 2045, "_wandb": {"runtime": 2607}}