{"Number of Games": 69, "Total Steps": 627, "Score": 0, "Steps in Current Game": 27, "_timestamp": 1701335296.5309312, "_runtime": 65.83526515960693, "_step": 626, "_wandb": {"runtime": 64}}