{"Total Steps": 730, "Score": 0, "Steps by Game": 24, "_timestamp": 1701335813.0174131, "_runtime": 76.28390407562256, "_step": 64, "_wandb": {"runtime": 75}}