{"Total Steps": 964, "Score": 0, "Steps by Game": 8, "_timestamp": 1701397579.974712, "_runtime": 108.40838599205017, "_step": 106, "_wandb": {"runtime": 107}}